model,accuracy,f1,precision,recall,roc_auc,tn,fp,fn,tp
xgboost,0.9299992730973322,0.44559585492227977,0.7042766151046406,0.32589473684210524,0.8928872772647239,24814,325,1601,774
